"Text","Image URL","Tags","Posting Time"
"“The root of all suffering is attachment to fiat. Let it go, and the sats shall appear.”

— The Bitcoin Buddha 🧘

#bitcoin #bitcoinbrainfood #bitcoinbuddha #btc #stacksats #hodl #soundmoney #cryptocurrency #financialfreedom","https://bitcoinbrainfood.com/img/posts/1.png","","2026-05-06 21:49"
"“Do not dwell in the past when you bought at $60k. Do not dream of the future when it hits $1M. Concentrate the mind on the present block reward.”

The Bitcoin Buddha has spoken. 🧘

#bitcoin #bitcoinbrainfood #bitcoinbuddha #btc #hodl #satoshi #bitcoinhumor #cryptotok #bitcoinmaxi","https://bitcoinbrainfood.com/img/posts/2.png","","2026-05-08 22:46"
"“A wise man once said nothing. He was simply watching his Bitcoin wallet in silence.”

— Wisdom from the Bitcoin Buddha 🧘

#bitcoin #bitcoinbrainfood #bitcoinbuddha #btc #stacksats #bitcoinmemes #cryptohumor #financialfreedom #fixthemoneyfixtheworld","https://bitcoinbrainfood.com/img/posts/3.png","","2026-05-10 16:43"
"“Thousands of candles can be lit from a single candle and the life of the candle will not be shortened. Likewise one seed phrase can fund many generations.”

Spoken by the Bitcoin Buddha. 🧘

#bitcoin #bitcoinbrainfood #bitcoinbuddha #btc #hodl #soundmoney #bitcoinforbeginners #cryptocurrency #stacksats","https://bitcoinbrainfood.com/img/posts/4.png","","2026-05-12 16:03"
"“The mind is everything. What you think you become. So stop thinking about selling your bitcoin.”

— The Bitcoin Buddha 🧘

#bitcoin #bitcoinbrainfood #bitcoinbuddha #btc #cryptotok #hodl #bitcoinhumor #stacksats #bitcoinmaxi","https://bitcoinbrainfood.com/img/posts/5.png","","2026-05-14 18:46"
"“Better than a thousand hollow words are 24 seed words.”

The Bitcoin Buddha has spoken. 🧘

#bitcoin #bitcoinbrainfood #bitcoinbuddha #btc #stacksats #hodl #soundmoney #cryptocurrency #financialfreedom","https://bitcoinbrainfood.com/img/posts/6.png","","2026-05-16 18:19"
"“You only lose what you cling to. Like your altcoins.”

— Wisdom from the Bitcoin Buddha 🧘

#bitcoin #bitcoinbrainfood #bitcoinbuddha #btc #hodl #satoshi #bitcoinhumor #cryptotok #bitcoinmaxi","https://bitcoinbrainfood.com/img/posts/7.png","","2026-05-18 19:56"
"“Peace comes from within. Do not seek it in the exchange rate.”

Spoken by the Bitcoin Buddha. 🧘

#bitcoin #bitcoinbrainfood #bitcoinbuddha #btc #stacksats #bitcoinmemes #cryptohumor #financialfreedom #fixthemoneyfixtheworld","https://bitcoinbrainfood.com/img/posts/8.png","","2026-05-20 22:53"
"“The Buddha does not HODL because he needs to. The Buddha HODLs because he has already awakened.”

— The Bitcoin Buddha 🧘

#bitcoin #bitcoinbrainfood #bitcoinbuddha #btc #hodl #soundmoney #bitcoinforbeginners #cryptocurrency #stacksats","https://bitcoinbrainfood.com/img/posts/9.png","","2026-05-22 10:08"
"“There is no path to Bitcoin. Bitcoin is the path.”

The Bitcoin Buddha has spoken. 🧘

#bitcoin #bitcoinbrainfood #bitcoinbuddha #btc #cryptotok #hodl #bitcoinhumor #stacksats #bitcoinmaxi","https://bitcoinbrainfood.com/img/posts/10.png","","2026-05-24 17:49"
"“If you light a lamp for someone else it will also brighten your cold storage.”

— Wisdom from the Bitcoin Buddha 🧘

#bitcoin #bitcoinbrainfood #bitcoinbuddha #btc #stacksats #hodl #soundmoney #cryptocurrency #financialfreedom","https://bitcoinbrainfood.com/img/posts/11.png","","2026-05-26 10:26"
"“The trouble is you think you have time before the next halving.”

Spoken by the Bitcoin Buddha. 🧘

#bitcoin #bitcoinbrainfood #bitcoinbuddha #btc #hodl #satoshi #bitcoinhumor #cryptotok #bitcoinmaxi","https://bitcoinbrainfood.com/img/posts/12.png","","2026-05-28 12:29"
"“Even the Buddha checked the price once. Then he attained Nirvana and never FOMO’d again.”

— The Bitcoin Buddha 🧘

#bitcoin #bitcoinbrainfood #bitcoinbuddha #btc #stacksats #bitcoinmemes #cryptohumor #financialfreedom #fixthemoneyfixtheworld","https://bitcoinbrainfood.com/img/posts/13.png","","2026-05-30 18:02"
"“Do not believe in anything simply because you have heard it. Verify your own transaction.”

The Bitcoin Buddha has spoken. 🧘

#bitcoin #bitcoinbrainfood #bitcoinbuddha #btc #hodl #soundmoney #bitcoinforbeginners #cryptocurrency #stacksats","https://bitcoinbrainfood.com/img/posts/14.png","","2026-06-01 16:45"
"“The Bitcoin that can be described is not the eternal Bitcoin.”

— Wisdom from the Bitcoin Buddha 🧘

#bitcoin #bitcoinbrainfood #bitcoinbuddha #btc #cryptotok #hodl #bitcoinhumor #stacksats #bitcoinmaxi","https://bitcoinbrainfood.com/img/posts/15.png","","2026-06-03 14:44"
"“The past is already gone, the future is not yet here. There is only one moment for you to HODL.”

Spoken by the Bitcoin Buddha. 🧘

#bitcoin #bitcoinbrainfood #bitcoinbuddha #btc #stacksats #hodl #soundmoney #cryptocurrency #financialfreedom","https://bitcoinbrainfood.com/img/posts/16.png","","2026-06-05 09:54"
"“Thousands of altcoins rise and fall. The wise man sits under the Bodhi tree with his Bitcoin.”

— The Bitcoin Buddha 🧘

#bitcoin #bitcoinbrainfood #bitcoinbuddha #btc #hodl #satoshi #bitcoinhumor #cryptotok #bitcoinmaxi","https://bitcoinbrainfood.com/img/posts/17.png","","2026-06-07 15:10"
"“To understand everything is to forgive everything except selling at the local bottom.”

The Bitcoin Buddha has spoken. 🧘

#bitcoin #bitcoinbrainfood #bitcoinbuddha #btc #stacksats #bitcoinmemes #cryptohumor #financialfreedom #fixthemoneyfixtheworld","https://bitcoinbrainfood.com/img/posts/18.png","","2026-06-09 21:11"
"“Be where you are otherwise you will miss your life and the next bull run.”

— Wisdom from the Bitcoin Buddha 🧘

#bitcoin #bitcoinbrainfood #bitcoinbuddha #btc #hodl #soundmoney #bitcoinforbeginners #cryptocurrency #stacksats","https://bitcoinbrainfood.com/img/posts/19.png","","2026-06-11 13:45"
"“I am awake. And my nodes are also awake. We are all awake together.”

Spoken by the Bitcoin Buddha. 🧘

#bitcoin #bitcoinbrainfood #bitcoinbuddha #btc #cryptotok #hodl #bitcoinhumor #stacksats #bitcoinmaxi","https://bitcoinbrainfood.com/img/posts/20.png","","2026-06-13 12:01"
"“Attachment to fiat is the cause of suffering. Release it and watch your stack grow in silence.”

— The Bitcoin Buddha 🧘

#bitcoin #bitcoinbrainfood #bitcoinbuddha #btc #stacksats #hodl #soundmoney #cryptocurrency #financialfreedom","https://bitcoinbrainfood.com/img/posts/21.png","","2026-06-15 22:11"
"“Do not regret the coins you sold too early. Do not fear the dip that is coming. HODL in the present moment.”

The Bitcoin Buddha has spoken. 🧘

#bitcoin #bitcoinbrainfood #bitcoinbuddha #btc #hodl #satoshi #bitcoinhumor #cryptotok #bitcoinmaxi","https://bitcoinbrainfood.com/img/posts/22.png","","2026-06-17 17:56"
"“The enlightened one speaks little. He simply refreshes the mempool and smiles.”

— Wisdom from the Bitcoin Buddha 🧘

#bitcoin #bitcoinbrainfood #bitcoinbuddha #btc #stacksats #bitcoinmemes #cryptohumor #financialfreedom #fixthemoneyfixtheworld","https://bitcoinbrainfood.com/img/posts/23.png","","2026-06-19 12:39"
"“One seed phrase can light the financial future of a thousand descendants and the seed phrase is never diminished.”

Spoken by the Bitcoin Buddha. 🧘

#bitcoin #bitcoinbrainfood #bitcoinbuddha #btc #hodl #soundmoney #bitcoinforbeginners #cryptocurrency #stacksats","https://bitcoinbrainfood.com/img/posts/24.png","","2026-06-21 09:03"
"“Better than a million tweets about Bitcoin is one perfectly secured private key.”

— The Bitcoin Buddha 🧘

#bitcoin #bitcoinbrainfood #bitcoinbuddha #btc #cryptotok #hodl #bitcoinhumor #stacksats #bitcoinmaxi","https://bitcoinbrainfood.com/img/posts/25.png","","2026-06-23 14:46"
"“True peace is not found in the price chart. It is found in the cold storage you have already forgotten about.”

The Bitcoin Buddha has spoken. 🧘

#bitcoin #bitcoinbrainfood #bitcoinbuddha #btc #stacksats #hodl #soundmoney #cryptocurrency #financialfreedom","https://bitcoinbrainfood.com/img/posts/26.png","","2026-06-25 21:22"
"“The Buddha does not chase pumps. The Buddha waits and the pumps come to him.”

— Wisdom from the Bitcoin Buddha 🧘

#bitcoin #bitcoinbrainfood #bitcoinbuddha #btc #hodl #satoshi #bitcoinhumor #cryptotok #bitcoinmaxi","https://bitcoinbrainfood.com/img/posts/27.png","","2026-06-27 15:09"
"“Thousands of altcoins bloom and wither. The wise one remains seated with Bitcoin under the Bodhi tree.”

Spoken by the Bitcoin Buddha. 🧘

#bitcoin #bitcoinbrainfood #bitcoinbuddha #btc #stacksats #bitcoinmemes #cryptohumor #financialfreedom #fixthemoneyfixtheworld","https://bitcoinbrainfood.com/img/posts/28.png","","2026-06-29 22:36"
"“You only lose what you cling to, especially with leverage.”

— The Bitcoin Buddha 🧘

#bitcoin #bitcoinbrainfood #bitcoinbuddha #btc #hodl #soundmoney #bitcoinforbeginners #cryptocurrency #stacksats","https://bitcoinbrainfood.com/img/posts/29.png","","2026-07-01 12:32"
"“Be here now. Especially during the bear market.”

The Bitcoin Buddha has spoken. 🧘

#bitcoin #bitcoinbrainfood #bitcoinbuddha #btc #cryptotok #hodl #bitcoinhumor #stacksats #bitcoinmaxi","https://bitcoinbrainfood.com/img/posts/30.png","","2026-07-03 16:47"
"“The mind creates the Bitcoin journey. Master the mind and the journey becomes effortless.”

— Wisdom from the Bitcoin Buddha 🧘

#bitcoin #bitcoinbrainfood #bitcoinbuddha #btc #stacksats #hodl #soundmoney #cryptocurrency #financialfreedom","https://bitcoinbrainfood.com/img/posts/31.png","","2026-07-05 16:45"
"“A single honest node in the darkness is better than a thousand glowing exchange candles.”

Spoken by the Bitcoin Buddha. 🧘

#bitcoin #bitcoinbrainfood #bitcoinbuddha #btc #hodl #satoshi #bitcoinhumor #cryptotok #bitcoinmaxi","https://bitcoinbrainfood.com/img/posts/32.png","","2026-07-07 22:27"
"“When the student is ready the halving appears.”

— The Bitcoin Buddha 🧘

#bitcoin #bitcoinbrainfood #bitcoinbuddha #btc #stacksats #bitcoinmemes #cryptohumor #financialfreedom #fixthemoneyfixtheworld","https://bitcoinbrainfood.com/img/posts/33.png","","2026-07-09 17:18"
"“Let go of fiat, let go of fear, let go of FOMO. What remains are sats.”

The Bitcoin Buddha has spoken. 🧘

#bitcoin #bitcoinbrainfood #bitcoinbuddha #btc #hodl #soundmoney #bitcoinforbeginners #cryptocurrency #stacksats","https://bitcoinbrainfood.com/img/posts/34.png","","2026-07-11 17:34"
"“The Bitcoin that can be sold is not the true Bitcoin.”

— Wisdom from the Bitcoin Buddha 🧘

#bitcoin #bitcoinbrainfood #bitcoinbuddha #btc #cryptotok #hodl #bitcoinhumor #stacksats #bitcoinmaxi","https://bitcoinbrainfood.com/img/posts/35.png","","2026-07-13 10:29"
"“Do not dwell on yesterday’s all-time high. Do not dream of tomorrow’s moon. Concentrate on today’s block confirmation.”

Spoken by the Bitcoin Buddha. 🧘

#bitcoin #bitcoinbrainfood #bitcoinbuddha #btc #stacksats #hodl #soundmoney #cryptocurrency #financialfreedom","https://bitcoinbrainfood.com/img/posts/36.png","","2026-07-15 08:02"
"“Suffering ends when desire for altcoins ends.”

— The Bitcoin Buddha 🧘

#bitcoin #bitcoinbrainfood #bitcoinbuddha #btc #hodl #satoshi #bitcoinhumor #cryptotok #bitcoinmaxi","https://bitcoinbrainfood.com/img/posts/37.png","","2026-07-17 14:22"
"“The wise man checks his hardware wallet once, nods and returns to meditation.”

The Bitcoin Buddha has spoken. 🧘

#bitcoin #bitcoinbrainfood #bitcoinbuddha #btc #stacksats #bitcoinmemes #cryptohumor #financialfreedom #fixthemoneyfixtheworld","https://bitcoinbrainfood.com/img/posts/38.png","","2026-07-19 12:57"
"“Health is wealth but a non-custodial wallet is freedom.”

— Wisdom from the Bitcoin Buddha 🧘

#bitcoin #bitcoinbrainfood #bitcoinbuddha #btc #hodl #soundmoney #bitcoinforbeginners #cryptocurrency #stacksats","https://bitcoinbrainfood.com/img/posts/39.png","","2026-07-21 08:18"
"“Thousands of candles can be lit from one Bitcoin. The life of Bitcoin will not be shortened.”

Spoken by the Bitcoin Buddha. 🧘

#bitcoin #bitcoinbrainfood #bitcoinbuddha #btc #cryptotok #hodl #bitcoinhumor #stacksats #bitcoinmaxi","https://bitcoinbrainfood.com/img/posts/40.png","","2026-07-23 13:30"
"“Anger over a red candle harms only the trader who sold.”

— The Bitcoin Buddha 🧘

#bitcoin #bitcoinbrainfood #bitcoinbuddha #btc #stacksats #hodl #soundmoney #cryptocurrency #financialfreedom","https://bitcoinbrainfood.com/img/posts/41.png","","2026-07-25 16:11"
"“There is no Bitcoin. There is only becoming Bitcoin.”

The Bitcoin Buddha has spoken. 🧘

#bitcoin #bitcoinbrainfood #bitcoinbuddha #btc #hodl #satoshi #bitcoinhumor #cryptotok #bitcoinmaxi","https://bitcoinbrainfood.com/img/posts/42.png","","2026-07-27 09:28"
"“Sit. Breathe. HODL. Repeat until enlightened.”

— Wisdom from the Bitcoin Buddha 🧘

#bitcoin #bitcoinbrainfood #bitcoinbuddha #btc #stacksats #bitcoinmemes #cryptohumor #financialfreedom #fixthemoneyfixtheworld","https://bitcoinbrainfood.com/img/posts/43.png","","2026-07-29 19:16"
"“The past bear market has already passed. The future bull run has not yet arrived. There is only this block.”

Spoken by the Bitcoin Buddha. 🧘

#bitcoin #bitcoinbrainfood #bitcoinbuddha #btc #hodl #soundmoney #bitcoinforbeginners #cryptocurrency #stacksats","https://bitcoinbrainfood.com/img/posts/44.png","","2026-07-31 14:31"
"“I am awake. My nodes are awake. My UTXOs are awake. We are all awake together.”

— The Bitcoin Buddha 🧘

#bitcoin #bitcoinbrainfood #bitcoinbuddha #btc #cryptotok #hodl #bitcoinhumor #stacksats #bitcoinmaxi","https://bitcoinbrainfood.com/img/posts/45.png","","2026-08-02 14:50"
